eco_friendly,food_quality,food_variaty,service,icecream_machine,anecdote,eating_anytime,politics,capitalism,price,activism,marketing/promotion,contest,comparisson,health,cleanliness,happy_meal,weight_loss,holiday,inquiry,patriotism,religion,work,social_media,sports,hobbies/activities,atmosphere/environment,announcement
plastic,review,vegetarian,time,icecream,day,morning,AOC,colonizer,cent,lgbt,buy,represent,burgerking,obesity,glove,happymeal,lose,4thjuly,procedure,proud,God,closed,instagram,game,time,seat,please
war,chicken,without,wait,machine,I,day,thought,nonprofit,price,woman,free,tournament,wendys,cancer,clean,toystory4,weight,america,any,american,worship,time,down,bore,favorite,sit,disregards
animals,bacon,sandwich,shame,ice,me,eat,trump,organization,dollar,male,name,annual,kfc,burden,filthy,toystory,skinny,fourth,special,people,presence,restaurant,facebook,watch,sho,crowded,officially
cruelty,bigmac,breakfast,line,cream,my,fast,donaldtrump,automation,gamechanger,feminism,rename,eat,better,major,dirty,toy,flat,july,consider,,love,tonight,twitter,,,hot,announce
waronplastic,imloveinit,alternative,minutes,broke,morning,food,freedom,company,pay,masculine,brand,win,as,NHS,clutter,kid,belly,independence,do,,,work,instagramisdown,,,room,announcement
cardboard,loveinit,waffles,work,down,one,want,think,cocacola,up,genderstudies,rebrand,,worse,diabetes,garbage,child,loseweight,happy,chance,,,employee,whatsapp,,,cat,future
waste,sandwich,toast,never,fix,strange,drink,constitution,globalisation,down,gender,ugly,,than,medic,trash,boy,thin,celebrate,maybe,,,,work,,,dog,more
recycle,burguer,mcrib,attitude,always,hours,dinner,ugly,,high,patriarchy,get,,,clinic,restroom,girl,want,great,would ,,,,fix,,,allowed,know
cup,mcflurry,mctostie,kiosk,,late,breakfast,new,,low,slave,code,,,healthy,bathroom,happy,legs,,cool,,,,tweet,,,song,link
holders,alive,,fail,,eat,home,land,,cheap,opress,regular,,,natural,floor,meal,stomach,,thought,,,,post,,,music,
drink,greateful,,upset,,mine,stay,white,,cnt,world,classic,,,,scratch,,yolo,,just,,,,,,,cold,
planet,love,,idiot,,then,noon,gold,,dll,power,advert,,,,broken,,diet,,can,,,,,,,,
action,hate,,correct,,lucky,lunch,soul,,worth,womenpower,one,,,,sink,,eat,,anybody,,,,,,,,
straw,die,,order,,friend,family,justice,,,homeless,two,,,,faucet,,fat,,anyone,,,,,,,,
alternative,poison,,cold,,weird,cook,handcuff,,,homelessness,double,,,,cleanliness,,ass,,could,,,,,,,,
pollution,auwful,,order,,part,fries,america,,,givingback,app,,,,bacteria,,,,need ,,,,,,,,
plasticpollution,delicious,,no,,where,heading,donaldjtrumpjr,,,abuse,tv,,,,sanitizer,,,,really,,,,,,,,
shame,edible,,bother,,were,really,party,,,,show,,,,antibacterial,,,,decide,,,,,,,,
plastictoys,fries,,staff,,park,am,fee,,,,only,,,,wash,,,,ever,,,,,,,,
toy,cheese,,costumer,,while,pm,republican,,,,try,,,,hands,,,,wonder,,,,,,,,
reduce,cheeseburger,,drive,,need,wait,democrat,,,,add,,,,touch,,,,shop,,,,,,,,
plasticwaste,fish,,thru,,be,,GOP,,,,available,,,,pop,,,,store,,,,,,,,
plasticfight,chips,,through,,was,,bernie,,,,discount,,,,anti-bacterial,,,,should,,,,,,,,
animalwelfare,milkshake,,drivethru,,go,,corruption,,,,offer,,,,poo,,,,recommend,,,,,,,,
environment,soggy,,become store,,come,,scottmorrison,,,,show,,,,pee,,,,else,,,,,,,,
future,dream,,joke,,drive,,auspol,,,,chance,,,,gross,,,,,,,,,,,,
girls,come,,never,,home,,kamalaharris,,,,win,,,,,,,,,,,,,,,,
ashamed,true,,weeks,,back,,trudeau,,,,promo,,,,,,,,,,,,,,,,
,every,,receive,,very ,,sensanders,,,,promotion,,,,,,,,,,,,,,,,
,time,,min,,rarely,,sanders,,,,now,,,,,,,,,,,,,,,,
,enjoy,,manage,,sister,,donald,,,,limited,,,,,,,,,,,,,,,,
,slop,,great,,wife,,,,,,,,,,,,,,,,,,,,,,
,fast,,ignore,,husband,,,,,,,,,,,,,,,,,,,,,,
,food,,make,,cousin,,,,,,,,,,,,,,,,,,,,,,
,fastfood,,keep,,friend,,,,,,,,,,,,,,,,,,,,,,
,eat,,people,,she,,,,,,,,,,,,,,,,,,,,,,
,rather,,counter,,he,,,,,,,,,,,,,,,,,,,,,,
,grub,,nod,,once,,,,,,,,,,,,,,,,,,,,,,
,meal,,included,,remember,,,,,,,,,,,,,,,,,,,,,,
,cold,,again,,memery,,,,,,,,,,,,,,,,,,,,,,
,pounder,,no,,vivid,,,,,,,,,,,,,,,,,,,,,,
,tasty,,despite,,work,,,,,,,,,,,,,,,,,,,,,,
,spicy,,ubereats,,trip,,,,,,,,,,,,,,,,,,,,,,
,taco,,first,,since,,,,,,,,,,,,,,,,,,,,,,
,lunch,,personnel,,brother,,,,,,,,,,,,,,,,,,,,,,
,quarter,,unknowledgable,,daughter,,,,,,,,,,,,,,,,,,,,,,
,fill,,bad,,son,,,,,,,,,,,,,,,,,,,,,,
,shit,,good,,family,,,,,,,,,,,,,,,,,,,,,,
,large,,job,,road,,,,,,,,,,,,,,,,,,,,,,
,fuck,,serious,,rd,,,,,,,,,,,,,,,,,,,,,,
,impressed,,throw,,hotel,,,,,,,,,,,,,,,,,,,,,,
,taste,,experience,,night,,,,,,,,,,,,,,,,,,,,,,
,menu,,refund,,ticket,,,,,,,,,,,,,,,,,,,,,,
,below,,cancel,,gift,,,,,,,,,,,,,,,,,,,,,,
,buffet,,app,,card,,,,,,,,,,,,,,,,,,,,,,
,empty,,advance,,date,,,,,,,,,,,,,,,,,,,,,,
,drink,,give,,moment,,,,,,,,,,,,,,,,,,,,,,
,delighted,,park,,niece,,,,,,,,,,,,,,,,,,,,,,
,serving,,anymore,,nephew,,,,,,,,,,,,,,,,,,,,,,
,worst,,terrible,,today,,,,,,,,,,,,,,,,,,,,,,
,best,,mad,,tonight,,,,,,,,,,,,,,,,,,,,,,
,coffe,,sad,,kids,,,,,,,,,,,,,,,,,,,,,,
,bitter,,screw,,at,,,,,,,,,,,,,,,,,,,,,,
,undercooked,,rude,,girlfriend,,,,,,,,,,,,,,,,,,,,,,
,salty,,reply,,boyfriend,,,,,,,,,,,,,,,,,,,,,,
,disgusting,,crew,,midnight,,,,,,,,,,,,,,,,,,,,,,
,appealing,,behaviour,,time,,,,,,,,,,,,,,,,,,,,,,
,throw,,disgusting,,drive-thru,,,,,,,,,,,,,,,,,,,,,,
,pity,,kick,,mother,,,,,,,,,,,,,,,,,,,,,,
,finger,,team,,father,,,,,,,,,,,,,,,,,,,,,,
,nugget,,girls,,mom,,,,,,,,,,,,,,,,,,,,,,
,favorite,,ashamed,,dad,,,,,,,,,,,,,,,,,,,,,,
,fave,,poor,,child,,,,,,,,,,,,,,,,,,,,,,
,ice,,half,,go,,,,,,,,,,,,,,,,,,,,,,
,cream,,employee,,come,,,,,,,,,,,,,,,,,,,,,,
,crispy,,fuck,,mommy,,,,,,,,,,,,,,,,,,,,,,
,fatty,,suck,,daddy,,,,,,,,,,,,,,,,,,,,,,
,roll,,treat,,after,,,,,,,,,,,,,,,,,,,,,,
,oreo,,serve,,before,,,,,,,,,,,,,,,,,,,,,,
,soda,,care,,until,,,,,,,,,,,,,,,,,,,,,,
,pop,,worst,,,,,,,,,,,,,,,,,,,,,,,,
,,,appologie,,,,,,,,,,,,,,,,,,,,,,,,
,,,mistake,,,,,,,,,,,,,,,,,,,,,,,,
